intercept	trans_x	trans_y	trans_z	rot_x	rot_y	rot_z	trans_x_derivative1	trans_y_derivative1	trans_z_derivative1	rot_x_derivative1	rot_y_derivative1	rot_z_derivative1	trans_x_power2	trans_y_power2	trans_z_power2	rot_x_power2	rot_y_power2	rot_z_power2	trans_x_derivative1_power2	trans_y_derivative1_power2	trans_z_derivative1_power2	rot_x_derivative1_power2	rot_y_derivative1_power2	rot_z_derivative1_power2	cosine00	cosine01	cosine02	cosine03	cosine04
1.0	0.0242259561562576	-0.0237552361093946	-0.0265652866523993	-0.0006290003268014	0.0004870002203047	1.531616568805597e-07	-0.0001053145174126	-0.0001950067287878	-0.0077413999155454	0.0005199999038476	7.97345999989374e-11	-6.266195930966002e-07	0.0005868969516849	0.000564311242613	0.0007057144549241	3.95641411116268e-07	2.3716921457682643e-07	2.3458493138398305e-14	1.1091147577849052e-08	3.8027624272557243e-08	5.992927265240637e-05	2.703999000015133e-07	6.357606436990546e-21	3.9265211445254884e-13	0.1186599374	0.1148114994	0.1084896234	0.0998305046	0.0890206905
1.0	0.0194237902830138	-0.0348570052005356	0.0245391413736371	-0.0002359517115482	0.0004875233121881	-0.0001979424386452	-0.0048021658732438	-0.0111017690911409	0.0511044280260364	0.0003930486152531	5.230918833999719e-07	-0.000198095600302	0.0003772836289585	0.0012150108115501	0.0006021694593553	5.5673210182524985e-08	2.376789799268556e-07	3.918120901680876e-08	2.30607970741474e-05	0.000123249276953	0.0026116625638683	1.54487213952458e-07	2.7362511847892985e-13	3.9241866859041656e-08	0.1182328141	0.1131244514	0.104773372	0.09341896	0.07938669
1.0	0.0115886312353126	0.0824793343304293	-0.0510678046753696	-0.001005000196699	0.0003359999846881	1.6884004117566093e-07	-0.0078351590477012	0.1173363395309649	-0.0756069460490067	-0.0007690484851508	-0.0001515233274999	0.0001981112786863	0.000134296373908	0.0068028405915907	0.0026079206743617	1.0100253953650286e-06	1.1289598971040344e-07	2.8506959504198884e-14	6.138971730277397e-05	0.0137678165745258	0.0057164102908574	5.914355725127402e-07	2.295931877667225e-08	3.9248078742750804e-08	0.1177452974	0.1112062966	0.1005756196	0.086244407	0.0687399551
1.0	0.0242330199911151	-0.0068609187675718	-0.0402626830175734	-0.00075599971613	0.000487000220305	1.8408602626258065e-07	0.0126443887558025	-0.0893402530980011	0.0108051216577962	0.000249000480569	0.0001510002356169	1.5245985086919717e-08	0.0005872392578897	4.707220633521895e-05	0.0016210836437735	5.715355707886405e-07	2.3716921457711855e-07	3.3887665065147534e-14	0.0001598805670078	0.0079816808236148	0.0001167506540397	6.200123932359297e-08	2.280107115635932e-08	2.324400612705784e-16	0.1171976362	0.1090609537	0.0959156576	0.0783654444	0.0572163058
1.0	0.0197050837965377	-0.0608479458327337	-0.0118541291664087	-0.0008599996666804	0.0002450001221303	1.0535001874334557e-07	-0.0045279361945774	-0.0539870270651619	0.0284085538511647	-0.0001039999505504	-0.0002420000981747	-7.873600751923508e-08	0.0003882903274285	0.0037024725120632	0.0001405203782939	7.395994266903991e-07	6.002505984386192e-08	1.1098626449223262e-14	2.050220618216409e-05	0.0029145990913345	0.0008070459319145	1.0815989714485649e-08	5.856404751656445e-08	6.1993588800690435e-15	0.1165901104	0.1066928056	0.0908149015	0.0698464244	0.0449627491
1.0	0.0241317269905749	-0.0265572183243847	-0.0350108476405637	-0.0014800004075974	0.0001240000605104	9.176008680124825e-08	0.0044266431940372	0.034290727508349	-0.0231567184741549	-0.000620000740917	-0.0001210000616199	-1.3589931942097314e-08	0.0005823402475476	0.000705285845129	0.0012257594525107	2.19040120648847e-06	1.5376015006582862e-08	8.419913529772614e-15	1.9595169967315868e-05	0.0011758539930518	0.0005362336104912	3.84400918737629e-07	1.4641014912019598e-08	1.8468625019083683e-16	0.1159230303	0.1041066901	0.0852967926	0.0607569269	0.0321356035
1.0	0.0241039178536937	-0.0412697664669536	-0.0067789021094597	-0.0006149999733917	0.0002829999936631	8.702249761261991e-08	-2.780913688119752e-05	-0.0147125481425689	0.0282319455311039	0.0008650004342057	0.0001589999331527	-4.737589188628338e-09	0.0005809988558976	0.0017031936242368	4.595351380963717e-05	3.782249672717917e-07	8.008899641331467e-08	7.572915090738439e-15	7.733480940771801e-10	0.0002164590728474	0.0007970427484712	7.482257511760496e-07	2.5280978742563083e-08	2.244475132020812e-17	0.1151967366	0.1013078907	0.07938669	0.0511711914	0.0188985047
1.0	0.0140374199091013	0.0236716678301718	-0.0255447291625188	-0.0011699994220868	0.0001369999945908	8.014496650663935e-08	-0.0100664979445924	0.0649414342971254	-0.018765827053059	-0.0005549994486951	-0.0001459999990723	-6.87753110598056e-09	0.0001970491577044	0.0005603478578619	0.0006525331879864	1.3688986476834463e-06	1.8768998517879236e-08	6.423215656350344e-15	0.0001013343808684	0.0042173898885678	0.0003521562649853	3.0802438805186506e-07	2.1315999729111608e-08	4.730043411373019e-17	0.1144116002	0.098302125	0.0731117546	0.0411675101	0.0054203179
1.0	0.0065793280348458	-0.0240694389971594	0.0144522423909876	-0.0012489975470087	0.0001165325322314	-5.192756001462539e-05	-0.0074580918742555	-0.0477411068273311	0.0399969715535064	-7.899812492189991e-05	-2.04674623594e-05	-5.200770498113203e-05	4.328755739010789e-05	0.0005793378936379	0.0002088673101278	1.5599948724337498e-06	1.3579831068262282e-08	2.696471489072521e-09	5.562313440483593e-05	0.0022792132810986	0.001599757733452	6.240703741176104e-09	4.1891701543345575e-10	2.704801377404465e-09	0.1135680224	0.0950955338	0.0665008237	0.0308275893	-0.0081270158
1.0	0.0127456501481333	-0.0828663561038212	0.0135922722258783	-0.0001289999939098	0.0001710000052912	1.102949994786454e-08	0.0061663221132875	-0.0587969171066618	-0.0008599701651093	0.0011199975530989	5.44674730598e-05	5.1938589514573255e-05	0.0001624515976986	0.0068668329739253	0.0001847498642623	1.6640998428728442e-08	2.9241001809590425e-08	1.2164986909994391e-16	3.802352840481842e-05	0.0034570774612476	7.395486848781185e-07	1.2543945189475233e-06	2.966705621520038e-09	2.697617080763339e-09	0.1126664339	0.0916946678	0.0595842788	0.0202358811	-0.0215706732
1.0	0.0052781758924851	0.0278284502702206	-0.0351691980314967	0.0004470009938964	-2.498162234543244e-05	8.200558962284768e-05	-0.0074674742556482	0.1106948063740418	-0.048761470257375	0.0005760009878062	-0.0001959816276366	8.199456012289982e-05	2.785914075201088e-05	0.0007744226444421	0.0012368724901786	1.9980988854436944e-07	6.240814550098095e-10	6.724916729390904e-09	5.576317175876864e-05	0.0122533401581866	0.0023776809816608	3.317771379537182e-07	3.8408798371103655e-08	6.723107889747833e-09	0.1117072952	0.0881064748	0.0523939058	0.0094788943	-0.034739154
1.0	0.0012466860520135	0.0758088592639723	0.0046974244163209	-0.0005469995613965	-2.5008427852357684e-05	3.0993162097174706e-05	-0.0040314898404716	0.0479804089937516	0.0398666224478176	-0.0009940005552928	-2.6805506925242646e-08	-5.101242752567298e-05	1.554226112285007e-06	0.0057469831429047	2.206579614704775e-05	2.9920852016796337e-07	6.254214636465794e-10	9.605760967817467e-10	1.625291033382573e-05	0.0023021196472076	0.0015893475853968	9.880371039225933e-07	7.185352015192309e-16	2.602267762062038e-09	0.1106910964	0.0843382854	0.0449627491	-0.0013555122	-0.0474644681
1.0	0.0054852156034144	-0.0462510455922	0.0188941039117906	9.506392156813544e-05	0.0001679639346716	-0.0007610081231318	0.0042385295514009	-0.1220599048561723	0.0141966794954697	0.0006420634829646	0.0001929723625239	-0.0007920012852289	3.00875902159408e-05	0.0021391592183717	0.0003569871626295	9.037149183912606e-09	2.821188335036551e-08	5.791333634725849e-07	1.7965132758098716e-05	0.0148986203734978	0.000201545708697	4.122455161566787e-07	3.723833269807776e-08	6.272660358043476e-07	0.1096183565	0.0803977977	0.0373249597	-0.0121788474	-0.0595842788
1.0	0.0054394052129538	-0.0038545019152849	0.011940599446504	-1.0004699952385733e-06	2.0999977330404818e-05	4.500001116176848e-05	-4.581039046059991e-05	0.0423965436769151	-0.0069535044652866	-9.606439156337402e-05	-0.0001469639573411	0.0008060081342935	2.958712907070897e-05	1.4857185014934964e-05	0.0001425779151418	1.0009402113726709e-12	4.4099904787751616e-10	2.025001004559288e-09	2.0985918741526234e-09	0.0017974669157485	4.835122434876069e-05	9.228367326441245e-09	2.1598404757384643e-08	6.49649112547399e-07	0.1084896234	0.0762930619	0.0295156382	-0.0229027108	-0.070943974
1.0	0.0076597956915378	0.0015491065777695	-0.0401378237876457	0.0005639723868127	-0.0001101398723646	-0.0004964691908952	0.0022203904785839	0.0054036084930544	-0.0520784232341497	0.0005649728568079	-0.000131139849695	-0.0005414692020569	5.867247003610104e-05	2.399731189288732e-06	0.001611044898408	3.180648530872137e-07	1.2130791484490381e-08	2.464816575081345e-07	4.930133877386484e-06	2.919898474620965e-05	0.0027121621665552	3.1919432892972344e-07	1.7197660178028455e-08	2.931888967762101e-07	0.1073054737	0.0720324637	0.0215706732	-0.033439514	-0.0813986382
1.0	0.0054424398630459	-0.0463623800308141	0.0571722059215744	0.0003040026357215	-0.0001819955861119	2.902766428609596e-05	-0.0022173558284919	-0.0479114866085836	0.09731002970922	-0.0002599697510911	-7.185571374729999e-05	0.0005254968551812	2.9620151662871072e-05	0.0021494702821216	0.0032686611299389	9.241760252561904e-08	3.3122393364214e-08	8.426052939062907e-10	4.916666870147e-06	0.0022955105490444	0.0094692418820092	6.758427148242046e-08	5.1632435981339165e-09	2.76146944805432e-07	0.1060665123	0.0676247074	0.0135265772	-0.0437031967	-0.0908149015
1.0	0.0054970866021903	0.0784877242701895	-0.1165898384893608	-3.706579294920071e-05	-0.0002569905293232	-0.0005120042306144	5.464673914440041e-05	0.1248501043010036	-0.1737620444109352	-0.0003410684286707	-7.499494321129999e-05	-0.0005410318949004	3.02179611119801e-05	0.0061603228611132	0.0135931904389752	1.373873006953017e-09	6.60441321618185e-08	2.621483321670437e-07	2.9862660991161437e-09	0.0155875485439714	0.0301932480778678	1.163276730359009e-07	5.6242415072661105e-09	2.927155112996214e-07	0.104773372	0.0630787976	0.0054203179	-0.0536099293	-0.0990726408
1.0	-0.004627740406093	0.1015626427504514	-0.099259822136446	-0.0001329901747495	-0.0001820071834015	0.0001079878985576	-0.0101248270082833	0.0230749184802619	0.0173300163529147	-9.59243818002993e-05	7.498334592169999e-05	0.000619992129172	2.1415981266185807e-05	0.0103149704024558	0.0098525122905588	1.7686386579902553e-08	3.3126614809747264e-08	1.1661386234886508e-08	0.0001025121219476	0.0005324518628707	0.0003003294667922	9.201487023769593e-09	5.622502165613322e-09	3.8439024023522993e-07	0.1034267134	0.0584040215	-0.0027108513	-0.0630787976	-0.1060665123
1.0	-0.0010455961837152	-0.046256790060454	0.0342939669800443	-0.000276921301332	0.0002870754770114	-0.0005449597123622	0.0035821442223778	-0.1478194328109054	0.1335537891164903	-0.0001439311265825	0.0004690826604129	-0.0006529476109198	1.09327137939979e-06	0.0021396906266969	0.0011760761712283	7.668540713140834e-08	8.241232950132288e-08	2.9698108809789174e-07	1.2831757229914656e-05	0.0218505847165377	0.0178366145873719	2.0716169199307643e-08	2.200385423000441e-07	4.263405826058745e-07	0.1020272243	0.0536099293	-0.0108295624	-0.0720324637	-0.1117072952
1.0	-0.0101671700434025	0.0060498433440301	-0.0560525220673184	-0.0002910069568687	0.0001879892289486	7.402735483382357e-05	-0.0091215738596873	0.0523066334044841	-0.0903464890473627	-1.4085655536700008e-05	-9.908624806280004e-05	0.000618987067196	0.0001033713466914	3.66006044873053e-05	0.0031418852301072	8.468504894598145e-08	3.5339950200689145e-08	5.480049263692821e-09	8.320310967773067e-05	0.002735983898111	0.0081624880831852	1.9840569189856758e-10	9.818084555162742e-09	3.831449893559346e-07	0.1005756196	0.0487063151	-0.0188985047	-0.0803977977	-0.1159230303
1.0	0.0061064144139635	-0.0714124381127874	0.0836296985040974	-0.000652862336465	0.0005316699438622	-0.0005193268814439	0.016273584457366	-0.0774622814568175	0.1396822205714158	-0.0003618553795963	0.0003436807149136	-0.0005933542362777	3.728829699506119e-05	0.0050997363172126	0.0069939264718862	4.262292303745389e-07	2.826729292064349e-07	2.697004097902467e-07	0.000264829551091	0.0060004050484952	0.0195111227437616	1.3093931574278237e-07	1.1811643380352321e-07	3.520692497087207e-07	0.0990726408	0.0437031967	-0.0268805962	-0.0881064748	-0.1186599374
1.0	-0.0016248521480264	-0.0520875715636321	-0.0651810992492301	6.401885994559392e-05	-8.198523116642598e-05	0.0004600025887524	-0.0077312665619899	0.0193248665491553	-0.1488107977533275	0.0007168811964105	-0.0006136551750286	0.0009793294701963	2.640144502946006e-06	0.0027131151113964	0.0042485756993379	4.09841442873357e-09	6.721578129412305e-09	2.1160238165890965e-07	5.9772482652543125e-05	0.0003734504671426	0.0221446535279817	5.139186497670845e-07	3.765726738394136e-07	9.590862111949655e-07	0.0975190556	0.0386107952	-0.034739154	-0.0950955338	-0.1198831019
1.0	0.0161696067314522	0.1580318310137016	-0.2257486929912318	-0.0019759995094705	-0.0001870194430755	1.9815214750361007e-05	0.0177944588794786	0.2101194025773337	-0.1605675937420017	-0.002040018369416	-0.000105034211909	-0.000440187374002	0.0002614561818498	0.0249740596135431	0.0509624723872494	3.904574061427656e-06	3.4976272088270186e-08	3.9264273560292444e-10	0.0003166427668134	0.0441501633394556	0.0257819521600965	4.161674947555098e-06	1.1032185671360268e-08	1.9376492423081098e-07	0.0959156576	0.033439514	-0.0424380632	-0.1013078907	-0.1195769199
1.0	0.0055693967699426	0.0298766811074955	0.0163827072372271	-0.000757007080053	-0.0002109751287131	-6.607984792330446e-05	-0.0106002099615096	-0.1281551499062061	0.2421314002284589	0.0012189924294175	-2.395568563760001e-05	-8.589506267366547e-05	3.101818038104707e-05	0.0008926160739989	0.0002683930964206	5.730597192503691e-07	4.4510504935509127e-08	4.366546301567045e-09	0.000112364451228	0.0164237424474821	0.0586276149765941	1.4859425429771791e-06	5.738748743675154e-10	7.3779617917129185e-09	0.0942632658	0.0281999178	-0.0499419421	-0.1066928056	-0.1177452974
1.0	0.0057085725713648	-0.1236085862067284	0.0363758176373352	-3.096152061186822e-05	0.0002840042017058	-0.0002709955994485	0.0001391758014222	-0.1534852673142239	0.0199931104001081	0.0007260455594411	0.0004949793304189	-0.0002049157515251	3.258780080253853e-05	0.0152790825840262	0.0013232001087846	9.586157585991408e-10	8.065838658654872e-08	7.343861492045186e-08	1.936990370151175e-08	0.0235577272825187	0.0003997244634709	5.27142154384186e-07	2.450045375419426e-07	4.199046522313568e-08	0.0925627242	0.0229027108	-0.0572163058	-0.1112062966	-0.1144116002
1.0	-0.0038520770196583	-0.0707963819776864	-0.0116818914789007	-0.0007039599301542	0.0002791015099214	-0.0002879014420716	-0.0095606495910231	0.052812204229042	-0.0480577091162359	-0.0006729984095423	-4.902691784399989e-06	-1.6905842623099986e-05	1.483849736537957e-05	0.0050121277011304	0.0001364665885248	4.955595832627061e-07	7.789765284040537e-08	8.288724034690687e-08	9.140602060233016e-05	0.00278912891553	0.0023095434055007	4.529268592465081e-07	2.4036386732823147e-11	2.8580751479702416e-10	0.0908149015	0.0175587148	-0.0642277237	-0.1148114994	-0.1096183565
1.0	-0.0023739722883249	-0.140130978936753	0.055437029629104	0.0005130051155644	0.000155983071598	-6.60400152356881e-05	0.0014781047313333	-0.0693345969590666	0.0671189211080047	0.0012169650457185	-0.0001231184383234	0.0002218614268359	5.635744425734563e-06	0.0196366912577727	0.0030732642540981	2.6317424859524345e-07	2.433071862514679e-08	4.3612836123299165e-09	2.1847935967901817e-06	0.0048072863354762	0.0045049495707025	1.481003922500874e-06	1.5158149855192853e-08	4.92224927176667e-08	0.0890206905	0.0121788474	-0.070943974	-0.1174789681	-0.1034267134
1.0	-3.12244935543049e-05	0.0552647229212084	-0.0946753890090832	0.0001340135645367	0.0001149841900016	-0.0002360077020551	0.0023427477947705	0.1953957018579614	-0.1501124186381872	-0.0003789915510277	-4.0998881596399984e-05	-0.0001699676868194	9.749689977228283e-10	0.0030541895995579	0.0089634292840212	1.7959635479832266e-08	1.322136395032405e-08	5.5699635429328855e-08	5.488467229902487e-06	0.0381794803045653	0.0225337382294063	1.4363459575038177e-07	1.680908292155625e-09	2.8889014562741684e-08	0.0871810076	0.0067740994	-0.0773341911	-0.1191869159	-0.0959156576
1.0	0.0055616163213869	0.091999388952118	-0.0757462047674977	0.0002270037894137	0.0001149925074199	-6.601305338139031e-05	0.0055928408149412	0.0367346660309095	0.0189291842415855	9.2990224877e-05	8.317418299995211e-09	0.0001699946486737	3.093157610631715e-05	0.008463887567563	0.0057374875366796	5.1530720408179457e-08	1.3223276762715756e-08	4.357723216734287e-09	3.12798683812722e-05	0.0013494356884024	0.0003583140160518	8.647181922675027e-09	6.917944717709518e-17	2.8898180577697983e-08	0.0852967926	0.0013555122	-0.0833690079	-0.119921393	-0.0871810076
1.0	0.0055615691079538	-0.0158162602553915	-0.0098858415645111	-0.0002329962011555	0.0001150076874207	-6.598660333606949e-05	-4.7213433099733983e-08	-0.1078156492075095	0.0658603632029866	-0.0004599999905692	1.518000079999695e-08	2.6450045320823506e-08	3.0931050942546025e-05	0.0002501540884662	9.772986343861528e-05	5.4287229752894214e-08	1.3226768165857436e-08	4.354231819831777e-09	2.2291082650630548e-15	0.0116242142140367	0.0043375874412293	2.115999913236641e-07	2.3043242428790807e-16	6.996048974736172e-16	0.0833690079	-0.0040658442	-0.0890206905	-0.1196764004	-0.0773341911
1.0	0.0018389871390098	0.1194587128149464	-0.0952758047950226	-0.0013879966715528	0.0001155456694188	-6.54201298094715e-05	-0.003722581968944	0.1352749730703379	-0.0853899632305115	-0.0011550004703972	5.379819980999947e-07	5.664735265979861e-07	3.3818736974434497e-06	0.0142703840674038	0.0090774789793392	1.926534760241652e-06	1.3350801721438612e-08	4.279793384288102e-09	1.3857616515506987e-05	0.0182993183391806	0.0072914458205081	1.334026086617984e-06	2.8942463027966266e-13	3.208922563363593e-13	0.0813986382	-0.0094788943	-0.0942632658	-0.1184539393	-0.0665008237
1.0	-0.0098983889590442	-0.0893580003587715	0.0677599560051618	-0.0006669634348514	0.0002381023327706	-0.0003079207845984	-0.011737376098054	-0.2088167131737179	0.1630357608001844	0.0007210332367014	0.0001225566633518	-0.0002425006547889	9.79781039845281e-05	0.0079848522281182	0.0045914116378214	4.4484022342877773e-07	5.6692720870801546e-08	9.481520958769429e-08	0.0001377659976671	0.0436044197006747	0.0265806592996949	5.198889284280971e-07	1.5020135731926435e-08	5.88065675730591e-08	0.07938669	-0.0148725796	-0.0990726408	-0.1162639941	-0.0548191066
1.0	-0.0151059610077766	-0.0392900318727384	0.0122329274223744	-0.0007629911305063	7.409269397684604e-05	-0.0002429713881791	-0.0052075720487324	0.0500679684860331	-0.0555270285827873	-9.602769565489994e-05	-0.0001640096387937	6.494939641930002e-05	0.0002281900579684	0.0015437066045607	0.000149644513321	5.821554652312816e-07	5.489727300746557e-09	5.9035095473678896e-08	2.7118806642738973e-05	0.0025068014683184	0.0030832509032336	9.221318332790089e-09	2.6899161617257645e-08	4.218424095231382e-09	0.0773341911	-0.0202358811	-0.1034267134	-0.1131244514	-0.0424380632
1.0	-0.0152379627638339	-0.0135995801371251	0.017669723266124	-0.0009860010099234	-3.9967432155840754e-05	-6.6019702953303e-05	-0.0001320017560572	0.0256904517356133	0.0054367958437495	-0.0002230098794171	-0.0001140601261326	0.0001769516852257	0.0002321955091919	0.000184948579906	0.0003122191203014	9.721979915699649e-07	1.5973956331317332e-09	4.358601178042364e-09	1.7424463602210872e-08	0.0006599993103798	2.955874904661292e-05	4.9733406317629503e-08	1.300971237340442e-08	3.131189890424955e-08	0.0752421898	-0.0255578418	-0.1073054737	-0.1090609537	-0.0295156382
1.0	-0.0152142704335176	0.0042196866149595	-0.0678328960481877	-0.0003249956692178	0.0001310107249585	-6.597871343680173e-05	2.3692330316299123e-05	0.0178192667520846	-0.0855026193143116	0.0006610053407056	0.0001709781571143	4.09895165012688e-08	0.0002314740248242	1.7805755128468367e-05	0.0046013017862842	1.0562218501032569e-07	1.7163810054151736e-08	4.3531906267756e-09	5.613265158166266e-10	0.0003175262675819	0.0073106979096081	4.3692806044132633e-07	2.92335302102162e-08	1.6801404630077868e-15	0.0731117546	-0.0308275893	-0.1106910964	-0.1041066901	-0.0162166827
1.0	-0.0152812081894211	0.0645972392796636	-0.1090173969121082	-0.0010159992414159	1.3533528103737424e-05	-6.599339048656737e-05	-6.693775590349907e-05	0.0603775526647041	-0.0411845008639205	-0.000691003572198	-0.0001174771968547	-1.4677049765647598e-08	0.0002335153237284	0.0041728033225541	0.0118847928294921	1.0322544585576842e-06	1.831563829346507e-10	4.355127587912561e-09	4.480663165396424e-09	0.0036454488657791	0.0016961631114102	4.774859367905347e-07	1.380089178085264e-08	2.1541578982329622e-16	0.070943974	-0.0360343578	-0.1135680224	-0.098302125	-0.0027108513
1.0	-0.0126910702684313	-0.0913228788589748	-0.0289453607524876	-0.0002819977098009	6.900930380404624e-05	-6.599027159147497e-05	0.0025901379209897	-0.1559201181386384	0.0800720361596206	0.0007340015316149	5.5475775700308816e-05	3.118895092399918e-09	0.0001610632645582	0.0083398682030909	0.0008378339090916	7.952270833295261e-08	4.762284011519151e-09	4.354715944716629e-09	6.70881444974936e-06	0.0243110832403669	0.0064115309747475	5.387582484131657e-07	3.0775616895509743e-09	9.727506597396296e-18	0.0687399551	-0.0411675101	-0.1159230303	-0.0916946678	0.0108295624
1.0	-0.0152548076668637	0.0323727796584023	-0.0455813980214969	-7.100009745123257e-05	-2.9976569921874585e-06	-6.600010328201177e-05	-0.0025637373984324	0.1236956585173771	-0.0166360372690092	0.0002109976123496	-7.20069607962337e-05	-9.831690536799368e-09	0.000232709156953	0.0010479968628114	0.0020776638455941	5.041013838084521e-09	8.985947442810359e-12	4.356013633236221e-09	6.57274944812093e-06	0.0153006159360475	0.0002767577360158	4.4519992417260535e-08	5.185002403110337e-09	9.666213881139024e-17	0.0665008237	-0.0462165596	-0.1177452974	-0.0843382854	0.0242318235
1.0	-0.0151764311888769	-0.014980846048175	0.0344533305268583	7.399805621897692e-05	-5.900244189804837e-05	-6.599781753498101e-05	7.837647798680097e-05	-0.0473536257065773	0.0800347285483552	0.0001449981536702	-5.600478490586091e-05	2.2857470307642703e-09	0.0002303240636307	0.0002244257483191	0.0011870319843929	5.475712324186869e-09	3.4812881499325723e-09	4.355711919380647e-09	6.142872301615497e-09	0.0022423658675586	0.0064055577738089	2.1024464567769688e-08	3.136535932351746e-09	5.224639488647676e-18	0.0642277237	-0.0511711914	-0.1190264491	-0.0762930619	0.0373249597
1.0	0.026474273960531	-0.0532046038500055	-0.0759722574493793	6.400755187137987e-05	-5.899180972201989e-05	0.0002560018822048	0.0416507051494079	-0.0382237578018305	-0.1104255879762376	-9.990504347597056e-06	1.0632176028479993e-08	0.0003219996997397	0.0007008871817372	0.002830729870836	0.0057717839019547	4.0969666965673845e-09	3.480033614279e-09	6.553696369240029e-08	0.0017347812394429	0.0014610556604929	0.0121938104798977	9.981017711935568e-11	1.1304316710058452e-16	1.0368380663250912e-07	0.0619218161	-0.0560212833	-0.1197605978	-0.0676247074	0.0499419421
1.0	0.0379353560367548	-0.0366591008586567	-0.0365032450152824	0.0006749998049019	-5.899556327704225e-05	1.3019912780794867e-05	0.0114610820762237	0.0165455029913488	0.0394690124340969	0.0006109922530305	-3.753555022363412e-09	-0.000242981969424	0.0014390912376353	0.0013438896757651	0.0013324868966457	4.556247366176031e-07	3.4804764863754962e-09	1.6951812881950554e-10	0.0001313564023579	0.0002737536692367	0.0015578029425228	3.733115332633113e-07	1.4089175305909596e-17	5.904023746516817e-08	0.0595842788	-0.0607569269	-0.1199443696	-0.0584040215	0.0619218161
1.0	0.043319464388972	0.0054513118985966	-0.0511381660455327	0.0001870036244711	-5.898850592123139e-05	0.0001235055178748	0.0053841083522172	0.0421104127572533	-0.0146349210302503	-0.0004879961804308	7.057355810857757e-09	0.000110485605094	0.0018765759949474	2.971680141578087e-05	0.0026151120265004	3.497035556532819e-08	3.4796438308191513e-09	1.525361294552254e-08	2.898862274841507e-05	0.0017732868625862	0.0002141809135616	2.3814027211505002e-07	4.980627104104775e-17	1.2207068932988453e-08	0.0572163058	-0.0653684476	-0.1195769199	-0.0487063151	0.0731117546
1.0	0.0380118300952858	0.049851723173802	-0.111051524616613	-0.0009030018076162	-5.847424283111913e-05	-5.702661537082765e-05	-0.0053076342936862	0.0444004112752054	-0.0599133585710802	-0.0010900054320873	5.142630901122658e-07	-0.0001805321332456	0.0014448992271928	0.0024851943033973	0.0123324411196742	8.154122645581247e-07	3.419237074672687e-09	3.252034860652316e-09	2.817098179551387e-05	0.0019713965214073	0.0035896105352668	1.1881118419798214e-06	2.644665258518164e-13	3.2591851134217056e-08	0.0548191066	-0.0698464244	-0.1186599374	-0.0386107952	0.0833690079
1.0	0.0397434103784775	-0.0108419779010944	-0.0523770021419665	-0.0005179946965061	-5.904169896675526e-05	0.0001609847142025	0.0017315802831917	-0.0606937010748964	0.0586745224746464	0.0003850071111101	-5.674561356361352e-07	0.0002180113295733	0.001579538668512	0.0001175484848078	0.0027433503533795	2.683185056084467e-07	3.485922216880949e-09	2.5916078206860613e-08	2.998370277138257e-06	0.0036837253501688	0.0034426995876277	1.4823047560534488e-07	3.2200646587109586e-13	4.75289398223301e-08	0.0523939058	-0.0741817089	-0.1171976362	-0.0281999178	0.0925627242
1.0	0.0610848846446572	0.0573307947874894	-0.0295971529400276	-0.0001789887318076	-5.9034188933937415e-05	0.0003819942051879	0.0213414742661797	0.0681727726885838	0.0227798492019389	0.0003390059646985	7.5100328178479e-09	0.0002210094909854	0.003731363132051	0.0032868200309652	0.0008759914621553	3.203696611409296e-08	3.485035463087818e-09	1.4591957279713546e-07	0.000455458523854	0.0046475269360493	0.000518921529663	1.1492504410116065e-07	5.640059292515246e-17	4.88451951056256e-08	0.0499419421	-0.0783654444	-0.1151967366	-0.0175587148	0.1005756196
1.0	0.0410117850081519	0.0133557643732444	-0.001414739346174	-0.0001605106163912	0.0001929911424503	0.0001100154388289	-0.0200730996365053	-0.043975030414245	0.0281824135938535	1.8478115416399984e-05	0.0002520253313842	-0.000271978766359	0.0016819665095548	0.0001783764419936	2.001487417612837e-06	2.5763657974282973e-08	3.724558106427199e-08	1.2103396780715435e-08	0.000402929329017	0.0019338032999337	0.000794248435975	3.4144074934179873e-10	6.35167676593347e-08	7.397244935016352e-08	0.0474644681	-0.0823890838	-0.1126664339	-0.0067740994	0.1073054737
1.0	-0.0173076880981	0.0291066568571238	-0.0881922949683087	-0.0004599410577996	0.0001831474244162	-0.0006409576544606	-0.0583194731062518	0.0157508924838794	-0.0867775556221347	-0.0002994304414084	-9.8437180341e-06	-0.0007509730932895	0.0002995560673011	0.0008471974733983	0.0077778808917771	2.11545776649815e-07	3.3542979070287695e-08	4.1082671481163393e-07	0.0034011609433908	0.0002480906140387	0.0075303441597526	8.96585892420293e-08	9.689878473486556e-11	5.639605868448e-07	0.0449627491	-0.086244407	-0.1096183565	0.0040658442	0.1126664339
1.0	0.0256137020460585	-0.0693331906145147	-0.0196820380618589	-9.595407473948065e-05	0.0003990110301894	-0.0002299808600809	0.0429213901441584	-0.0984398474716385	0.0685102569064498	0.0003639869830601	0.0002158636057731	0.0004109767943797	0.0006560617325042	0.0048070913207886	0.0003873826222684	9.207184459109835e-09	1.5920980221280629e-07	5.28911960035505e-08	0.001842245731907	0.0096904035702394	0.0046936553013877	1.3248652383720766e-07	4.6597096297407496e-08	1.6890192551861424e-07	0.0424380632	-0.0899235378	-0.1060665123	0.0148725796	0.1165901104
1.0	0.0355090710163636	-0.0427592862491934	-0.0369789518721717	-0.0006518979528311	0.0003057185349084	-0.0006709003468164	0.0098953689703051	0.0265739043653213	-0.0172969138103128	-0.0005559438780916	-9.3292495281e-05	-0.0004409194867355	0.0012608941244451	0.0018283565605404	0.0013674428815643	4.24970940905379e-07	9.34638225865386e-08	4.501072753583658e-07	9.791832705847706e-05	0.0007061723932172	0.0002991832273613	3.090735955875493e-07	8.703489675755407e-09	1.9440999378309682e-07	0.0398916998	-0.09341896	-0.1020272243	0.0255578418	0.1190264491
1.0	0.0295234937787398	0.0447806141943516	-0.0251219829202824	0.0007169937799587	0.0002010223214197	6.242792282612497e-05	-0.0059855772376238	0.087539900443545	0.0118569689518892	0.0013688917327897	-0.0001046962134886	0.0007333282696425	0.0008716366849032	0.0020053034076233	0.0006311140258469	5.140800804994648e-07	4.0409973708965184e-08	3.8972455483846145e-09	3.5827134867560175e-05	0.0076632341696657	0.000140587712726	1.873864576100261e-06	1.0961297118871446e-08	5.377703510568998e-07	0.0373249597	-0.0967235326	-0.0975190556	0.0360343578	0.1199443696
1.0	0.0355957086415941	0.0025337204697422	-0.0533487033042376	-0.000365912081709	0.0002581251140543	-0.0006829529199816	0.0060722148628543	-0.0422468937246094	-0.0282267203839551	-0.0010829058616677	5.710279263460003e-05	-0.0007453808428077	0.0012670544736972	6.419739418790635e-06	0.0028460841442435	1.338916515406139e-07	6.662857450554539e-08	4.664246909113938e-07	3.687179334066868e-05	0.0017848000293784	0.0007967477436339	1.1726851052342638e-06	3.2607289266701313e-09	5.555926008247545e-07	0.034739154	-0.0998305046	-0.0925627242	0.0462165596	0.119332162
1.0	0.0428553568295058	-0.070458827626112	0.0064447794902093	2.397226248897821e-05	0.0002010033118609	0.0002759975926984	0.0072596481879117	-0.0729925480958542	0.0597934827944469	0.0003898843441979	-5.7121802193400015e-05	0.00095895051268	0.0018365816089842	0.0049644463904461	4.153518267742244e-05	5.746693688404717e-10	4.040233137905023e-08	7.617467117531192e-08	5.270249181224964e-05	0.0053279120775255	0.0035752605846898	1.5200980185068757e-07	3.262900285821919e-09	9.195860857692352e-07	0.0321356035	-0.1027335286	-0.0871810076	0.0560212833	0.1171976362
1.0	0.0431962312042628	0.0401298929128159	-0.0338704684401278	-0.0009529426533722	0.0002017717033899	-0.0005699037004867	0.000340874374757	0.1105887205389279	-0.0403152479303371	-0.0009769149158611	7.68391529000007e-07	-0.000845901293185	0.0018659143902521	0.001610408305194	0.0011472086323536	9.08099700616049e-07	4.07118202888618e-08	3.247902278284343e-07	1.161953393659765e-07	0.012229865110437	0.0016253192156845	9.54362752832053e-07	5.904255418389686e-13	7.155489978122244e-07	0.0295156382	-0.1054266739	-0.0813986382	0.0653684476	0.1135680224
1.0	0.0297336947993471	0.0284355348967437	0.0201088925427939	-0.0001850238508415	0.0002549827032767	0.000187023589301	-0.0134625364049157	-0.0116943580160722	0.0539793609829217	0.0007679188025307	5.32109998868e-05	0.0007569272897877	0.0008840926064207	0.0008085796448639	0.0004043675592976	3.4233825380217646e-08	6.501617897029366e-08	3.4977822955029125e-08	0.0001812398864536	0.000136758009408	0.0029137714121245	5.896992872801842e-07	2.831410508953029e-09	5.729389220253529e-07	0.0268805962	-0.1079044385	-0.0752421898	0.0741817089	0.1084896234
1.0	0.048755431313836	-0.1109104622777863	0.0137940385780979	0.0001670475365924	0.0002009605043762	-0.0004730162557885	0.0190217365144889	-0.13934599717453	-0.006314853964696	0.0003520713874339	-5.40221989005e-05	-0.0006600398450895	0.0023770920825981	0.0123011306426722	0.000190275500294	2.7904879481589213e-08	4.03851243191367e-08	2.237443782401717e-07	0.0003618264600266	0.0194173069285641	3.98773805954368e-05	1.239542618496313e-07	2.9183979740451833e-09	4.3565259710577113e-07	0.0242318235	-0.1101617605	-0.0687399551	0.0823890838	0.1020272243
1.0	0.0840789810513342	-0.2181388116016336	0.0146207771496023	0.0019061050968334	0.0006531983033657	-0.0003171233527022	0.0353235497374982	-0.1072283493238473	0.0008267385715044	0.0017390575602409	0.0004522377989894	0.0001558929030863	0.0070692750546306	0.0475845411269729	0.0002137671244583	3.633236640174265e-06	4.26668023519829e-07	1.0056722082908394e-07	0.0012477531660575	0.011497918898717	6.834966656131385e-07	3.024321197831379e-06	2.0451902683486738e-07	2.4302597232674524e-08	0.0215706732	-0.1121940284	-0.0619218161	0.0899235378	0.0942632658
1.0	0.0417549246963631	0.0408807268785693	-0.0708376852409173	0.0009280182819163	0.0002009166199063	-0.000180592861842	-0.0423240563549711	0.2590195384802028	-0.0854584623905196	-0.0009780868149171	-0.0004522816834594	0.0001365304908602	0.0017434737363989	0.0016712338301201	0.0050179776502912	8.612179315708812e-07	4.0367488154572624e-08	3.2613781748283705e-08	0.0017913257463387	0.0670911213144972	0.0073031487941518	9.566538175146773e-07	2.045587211928689e-07	1.864057493452716e-08	0.0188985047	-0.1139970903	-0.0548191066	0.0967235326	0.0852967926
1.0	-0.0328959709634517	0.3472768766993823	-0.1928605343749438	-0.0013349067498733	0.0003119013307708	-0.0006012919835362	-0.0746508956598148	0.306396149820813	-0.1220228491340265	-0.0022629250317896	0.0001109847108645	-0.0004206991216941	0.0010821449056282	0.1206012290900779	0.0371951857193888	1.7819760308572972e-06	9.7282440136596e-08	3.6155204946489776e-07	0.0055727562228125	0.093878600625018	0.0148895757107853	5.120829699499962e-06	1.231760604567667e-08	1.7698775099427124e-07	0.0162166827	-0.1155672626	-0.0474644681	0.1027335286	0.0752421898
1.0	0.0416413638947119	-0.0558555247990142	0.0393556397273044	0.0007131353280207	0.0005283182935225	-0.0005106887637833	0.0745373348581636	-0.4031324014983964	0.2322161741022482	0.002048042077894	0.0002164169627516	9.06032197529e-05	0.0017340031870118	0.0031198396505732	0.0015488663783453	5.085619960711913e-07	2.791202192705265e-07	2.608030134545152e-07	0.005555814287758	0.1625157331378643	0.0539243515146856	4.194476352824374e-06	4.6836301766670686e-08	8.208943429592287e-09	0.0135265772	-0.1169013377	-0.0398916998	0.1079044385	0.0642277237
1.0	0.0283316981914651	-0.0770020637779964	0.0170342593279002	-0.0004069018851674	0.0003251222928344	-0.0006014336135448	-0.0133096657032468	-0.0211465389789822	-0.0223213803994042	-0.0011200372131881	-0.000203196000688	-9.07448497615e-05	0.0008026851224122	0.0059293178260706	0.0002901659908501	1.65569144152784e-07	1.0570450529789737e-07	3.617223915015558e-07	0.0001771472011321	0.0004471761107896	0.0004982440229349	1.2544833589261653e-06	4.1288614695638324e-08	8.234627758237209e-09	0.0108295624	-0.1179965901	-0.0321356035	0.1121940284	0.0523939058
1.0	0.0302903789778667	0.0141800888561931	-0.0310354933433245	-0.0004068265739075	0.0005771225306401	-0.0006013827044935	0.0019586807864016	0.0911821526341895	-0.0480697526712247	7.531125989994988e-08	0.0002520002378057	5.0909051299975576e-08	0.0009175070586227	0.0002010749199695	0.0009632018470635	1.6550786123731457e-07	3.330704153724332e-07	3.6166115726391634e-07	3.836430423018794e-06	0.0083141849590046	0.0023107011218727	5.671785867717797e-15	6.350411985412934e-08	2.591731504263545e-15	0.0081270158	-0.1188507821	-0.0242318235	0.1155672626	0.0398916998
1.0	0.0368964941784071	-0.0213803943853037	-0.0446883380083562	-0.0002174097778968	0.0004695416391875	-0.0003839487926219	0.0066061152005403	-0.0355604832414968	-0.0136528446650316	0.0001894167960107	-0.0001075808914526	0.0002174339118716	0.0013613512826572	0.0004571212640711	0.001997047553949	4.726701152513591e-08	2.204693509308845e-07	1.4741667535581476e-07	4.364075804281088e-05	0.0012645479683687	0.0001864001674474	3.5878722610959145e-08	1.1573648205736107e-08	4.7277506031786734e-08	0.0054203179	-0.1194621689	-0.0162166827	0.1179965901	0.0268805962
1.0	0.0354802463721739	-0.0270323852686829	-0.0567613629933987	-0.0007413597976879	0.0005771797174165	-0.0004847864640991	-0.0014162478062331	-0.0056519908833792	-0.0120730249850425	-0.0005239500197911	0.000107638078229	-0.0001008376714772	0.0012588478826301	0.0007307498533145	0.0032218523288683	5.496143496278441e-07	3.331364261969909e-07	2.35017915773708e-07	2.005757848660334e-06	3.194500094580162e-05	0.0001457579322894	2.745236232390941e-07	1.1585955884832338e-08	1.0168235988943717e-08	0.0027108513	-0.1198295012	-0.0081270158	0.1194621689	0.0135265772
1.0	0.0448229936455106	-0.0214518803301473	-0.0866512886992154	-0.0002524524358445	0.0005770207248594	-0.000164927535142	0.0093427472733366	0.0055805049385356	-0.0298899257058167	0.0004889073618434	-1.589925571000893e-07	0.000319858928957	0.0020091007593454	0.0004601831696989	0.0075084458332347	6.373223236382139e-08	3.3295291691726735e-07	2.7201091848015647e-08	8.728692661344032e-05	3.114203536902022e-05	0.0008934076586992	2.3903040846467337e-07	2.527863321322516e-14	1.0230973443358312e-07	0.0	-0.1199520288	-0.0	0.1199520288	0.0
1.0	0.0417479123230037	0.1094949574183488	-0.128898891696906	-0.000697952601848	0.0005770573175862	-0.0001647987417135	-0.0030750813225069	0.1309468377484961	-0.0422476029976905	-0.0004455001660035	3.659272680006653e-08	1.287934285000212e-07	0.0017428881833292	0.011989145700046	0.0166149242806907	4.871378344263928e-07	3.3299514777978055e-07	2.7158625270352884e-08	9.456125140030808e-06	0.0171470743163309	0.0017848599590504	1.9847039790914605e-07	1.3390276546643076e-15	1.658774722479006e-14	-0.0027108513	-0.1198295012	0.0081270158	0.1194621689	-0.0135265772
1.0	0.0472351260624464	-0.0525855167031039	0.0048693451785766	-0.0008268629801114	0.0007031614221166	-0.0003907092817858	0.0054872137394426	-0.1620804741214527	0.1337682368754826	-0.0001289103782633	0.0001261041045304	-0.0002259105400723	0.0022311571341352	0.0027652365669324	2.3710522468127185e-05	6.837023878787054e-07	4.944359855530393e-07	1.5265374287357565e-07	3.010951462232873e-05	0.0262700800914349	0.0178939411967752	1.6617885624012865e-08	1.590224517941405e-08	5.1035572115758266e-08	-0.0054203179	-0.1194621689	0.0162166827	0.1179965901	-0.0268805962
1.0	0.0376070208214969	-0.0240389277397099	-0.0525674067501711	-0.0002189524317157	0.0005770180022981	-0.0001649368420425	-0.0096281052409494	0.028546588963394	-0.0574367519287477	0.0006079105483957	-0.0001261434198185	0.0002257724397432	0.0014142880150685	0.0005778700468749	0.0027633322524379	4.7940167354218274e-08	3.329497749760901e-07	2.72041618629526e-08	9.270041053079912e-05	0.0008149077414449	0.0032989804721245	3.695552348507607e-07	1.5912162363506352e-08	5.0973194547642017e-08	-0.0081270158	-0.1188507821	0.0242318235	0.1155672626	-0.0398916998
1.0	0.0447988864286514	-0.0393564724828934	-0.0044668567718844	-0.0002188319664288	0.0007470492722962	-0.0004489180306902	0.0071918656071544	-0.0153175447431835	0.0481005499782867	1.2046528689998396e-07	0.0001700312699981	-0.0002839811886477	0.0020069402252472	0.0015489319262967	1.9952809420529525e-05	4.788742953109545e-08	5.58082615238282e-07	2.015273982787673e-07	5.172293091137175e-05	0.0002346271769594	0.0023136629082136	1.4511885347895448e-14	2.8910632777166783e-08	8.06453155057606e-08	-0.0108295624	-0.1179965901	0.0321356035	0.1121940284	-0.0523939058
1.0	0.0394029608591921	-0.0046354824403636	-0.0587030283160174	-0.0007489526451439	0.0005770615249325	-0.0001647840207862	-0.0053959255694593	0.0347209900425298	-0.0542361715441329	-0.0005301206787151	-0.0001699877473636	0.0002841340099039	0.001552593324471	2.148769745491928e-05	0.0034460455334711	5.609300646680446e-07	3.330000035574224e-07	2.71537735064668e-08	2.911601275114469e-05	0.0012055471495334	0.0029415623037646	2.8102793400135826e-07	2.8895834253785076e-08	8.073213558412633e-08	-0.0135265772	-0.1169013377	0.0398916998	0.1079044385	-0.0642277237
1.0	0.044822870018649	0.0520700429477472	-0.0427371129083127	-0.0005139521883909	0.0005770421372826	-0.0001648512399932	0.0054199091594569	0.0567055253881108	0.0159659154077047	0.0002350004567529	-1.9387649900001053e-08	-6.721920699998885e-08	0.0020090896767087	0.0027112893725802	0.0018264608197378	2.641468519517952e-07	3.3297762819967106e-07	2.717593132729562e-08	2.93754152967648e-05	0.0032155166095416	0.0002549104548059	5.5225214674118624e-08	3.7588096864501083e-16	4.51842178970735e-15	-0.0162166827	-0.1155672626	0.0474644681	0.1027335286	-0.0752421898
1.0	0.0447957311203168	-0.011575631563474	-0.0572814880868008	-6.29862259288491e-05	0.0004160020648618	-6.598690213516838e-05	-2.7138898332203232e-05	-0.0636456745112211	-0.0145443751784881	0.000450965962462	-0.0001610400724208	9.88643378580316e-05	0.0020066575266037	0.0001339952460932	0.0032811688774383	3.967264656760023e-09	1.730577179692813e-07	4.3542712533962895e-09	7.365198026856631e-10	0.0040507718839883	0.0002115388493326	2.0337029929932397e-07	2.5933904925296523e-08	9.774157300107025e-09	-0.0188985047	-0.1139970903	0.0548191066	0.0967235326	-0.0852967926
1.0	-0.0090515543979563	0.0951029377729497	-0.1279095834352404	-0.0006619832855914	0.0002480430214839	-0.0001299179157069	-0.0538472855182731	0.1066785693364237	-0.0706280953484395	-0.0005989970596625	-0.0001679590433779	-6.393101357173161e-05	8.193063701916203e-05	0.0090445687730455	0.0163608615345767	4.382218704023851e-07	6.152534050686247e-08	1.6878664821625172e-08	0.0028995301576864	0.0113803171556661	0.0049883278525482	3.587974774843816e-07	2.8210240252419305e-08	4.087174496308931e-09	-0.0215706732	-0.1121940284	0.0619218161	0.0899235378	-0.0942632658
1.0	0.0402717573069253	-0.0816723549341702	0.0159222594890735	0.0005880357470548	0.0005764637673124	-0.0001236693658247	0.0493233117048816	-0.1767752927071199	0.1438318429243139	0.0012500190326462	0.0003284207458285	6.24854988219998e-06	0.0016218144365878	0.006670373560493	0.0002535183472373	3.457860398142967e-07	3.323104750240048e-07	1.5294112043483482e-08	0.0024327890775369	0.0312495041116879	0.0206875990390045	1.5625475819777416e-06	1.0786018629054818e-07	3.9044375630341386e-11	-0.0242318235	-0.1101617605	0.0687399551	0.0823890838	-0.1020272243
1.0	0.0162353714035816	0.0203804772350792	-0.2018333428870562	0.0016290751333694	-0.000537278152412	0.0002729382003054	-0.0240363859033437	0.1020528321692494	-0.2177556023761297	0.0010410393863146	-0.0011137419197244	0.0003966075661301	0.0002635872846122	0.0004153638523295	0.040736698300964	2.6538857901625283e-06	2.886678130592523e-07	7.449526118595065e-08	0.0005777478472944	0.0104147805537649	0.0474175023661911	1.083763003858279e-06	1.240421063751392e-06	1.5729756151164168e-07	-0.0268805962	-0.1079044385	0.0752421898	0.0741817089	-0.1084896234
1.0	0.0476610238876133	0.0096476213932703	-0.0904717194180193	0.0012930121346014	0.0001599069794042	-0.000144103518641	0.0314256524840317	-0.0107328558418089	0.1113616234690369	-0.000336062998768	0.0006971851318162	-0.0004170417189463	0.0022715731980156	9.307659854788677e-05	0.0081851320144528	1.6718803802264689e-06	2.5570242062175244e-08	2.076582408471703e-08	0.0009875716340471	0.000115194194521	0.0124014111816595	1.1293833914094076e-07	4.860671080255721e-07	1.739237953417681e-07	-0.0295156382	-0.1054266739	0.0813986382	0.0653684476	-0.1135680224
1.0	0.0306350120621061	0.0052492348842747	0.0459181307515308	0.000368033594778	-0.0002469499360011	0.0002720454543163	-0.0170260118255071	-0.0043983865089956	0.1363898501695501	-0.0009249785398234	-0.0004068569154053	0.0004161489729573	0.0009385039640453	2.755446687028642e-05	0.0021084747317146	1.354487268852171e-07	6.098427089094737e-08	7.400872921416208e-08	0.0002898850786823	1.934580388251451e-05	0.0186021912292723	8.555852991338291e-07	1.6553254961311546e-07	1.731799676934156e-07	-0.0321356035	-0.1027335286	0.0871810076	0.0560212833	-0.1171976362
1.0	0.0570714726305823	0.0295774861693303	-0.0347310006592351	6.800667217079434e-05	-0.0002469981625619	5.400839969202455e-05	0.0264364605684762	0.0243282512850556	-0.0806491314107659	-0.0003000269226072	-4.82265608000112e-08	-0.0002180370546242	0.0032571529882233	0.0008748276880969	0.0012062424067917	4.624907459745893e-09	6.100809230895478e-08	2.916907237293477e-09	0.0006988864473885	0.0005918638105888	0.0065042823973109	9.001615428915016e-08	2.325801166597177e-15	4.754015718922929e-08	-0.034739154	-0.0998305046	0.0925627242	0.0462165596	-0.119332162
1.0	0.0373764762384354	-0.0167022554983304	-0.0522774795825142	-0.0001709998722913	5.227429662468808e-07	-0.0002659998964134	-0.0196949963921468	-0.0462797416676607	-0.017546478923279	-0.000239006544462	0.0002475209055281	-0.0003200082961054	0.0013970009760023	0.0002789653387315	0.0027329348715001	2.9240956323640912e-08	2.7326020876058763e-13	7.075594489193953e-08	0.0003878928828866	0.0021418144888254	0.000307878922605	5.7124128295711084e-08	6.12665986734738e-08	1.0240530957629708e-07	-0.0373249597	-0.0967235326	0.0975190556	0.0360343578	-0.1199443696
1.0	0.0235309523004048	-0.0360366283080679	-0.1041703747993096	-0.0002630007825409	0.0002249990791163	7.029582840220399e-06	-0.0138455239380306	-0.0193343728097374	-0.0518928952167954	-9.200091024960002e-05	0.00022447633615	0.0002730294792536	0.0005537057161639	0.0012986385798138	0.0108514669858286	6.916941161712578e-08	5.062458560318302e-08	4.941503490752109e-11	0.0001916985331185	0.0003738179719459	0.0026928725739813	8.464167486754958e-09	5.038962549135164e-08	7.454509654150313e-08	-0.0398916998	-0.09341896	0.1020272243	0.0255578418	-0.1190264491
1.0	0.0344021346524101	0.024704227941811	-0.0716796179286518	-0.0003409663239913	0.0001510760418763	-0.0004459737406747	0.0108711823520053	0.0607408562498789	0.0324907568706578	-7.796554145039997e-05	-7.392303724e-05	-0.0004530033235149	0.0011835068686425	0.0006102988782009	0.0051379676263975	1.1625803409614017e-07	2.2823970429009552e-08	1.988925773713846e-07	0.0001181826057305	0.0036894516179684	0.0010556492820281	6.0786256536540364e-09	5.4646154347864275e-09	2.0521201111556365e-07	-0.0424380632	-0.0899235378	0.1060665123	0.0148725796	-0.1165901104
1.0	0.0316869976179106	0.0032029100536306	-0.0126794752808763	-0.0001180200205463	0.0004349945390269	9.20256718531111e-05	-0.0027151370344995	-0.0215013178881804	0.0590001426477754	0.000222946303445	0.0002839184971506	0.0005379994125278	0.0010040658180374	1.0258632811647974e-05	0.0001607690933983	1.3928725249749074e-08	1.8922024898322525e-07	8.468724280016484e-09	7.371969116110739e-06	0.0004623066709285	0.0034810168324578	4.970505421979001e-08	8.060971302425526e-08	2.894433678802699e-07	-0.0449627491	-0.086244407	0.1096183565	0.0040658442	-0.1126664339
1.0	0.0316879014654318	-0.0684025472159106	-0.0421518490678209	-0.0006048606328387	0.0004351932105732	-0.0006388685441227	9.038475212025388e-07	-0.0716054572695412	-0.0294723737869446	-0.0004868406122924	1.986715462999871e-07	-0.0007308942159758	0.0010041230992829	0.0046789084656248	0.0017767783798363	3.658563851580326e-07	1.893931305290096e-07	4.081530166694583e-07	8.169403415839737e-13	0.00512734151078	0.0008686208166373	2.370137817772389e-07	3.947038330922792e-14	5.342063549468957e-07	-0.0474644681	-0.0823890838	0.1126664339	-0.0067740994	-0.1073054737
1.0	0.0317989853644746	-0.0388865888503744	-0.0048474280941519	-0.0006359478561802	0.0006230528461403	-0.0001668019228141	0.0001110838990427	0.0295159583655362	0.037304420973669	-3.108722334149998e-05	0.0001878596355671	0.0004720666213086	0.00101117547021	0.001512166792418	2.349755912797312e-05	4.044296757801923e-07	3.881948490835285e-07	2.7822881454480973e-08	1.23396326265502e-08	0.000871191798236	0.0013916198241807	9.66415455084301e-10	3.5291242675403623e-08	2.228468949537172e-07	-0.0499419421	-0.0783654444	0.1151967366	-0.0175587148	-0.1005756196
1.0	0.0316615762065026	0.0259147922273541	-0.0438411000794474	-0.0006938741579427	0.000435200131843	-0.0005768491344687	-0.000137409157972	0.0648013810777285	-0.0389936719852955	-5.79263017625e-05	-0.0001878527142972	-0.0004100472116546	0.0010024554078801	0.0006715764561869	0.0019220420561761	4.814613470606909e-07	1.893991547561646e-07	3.327549239372884e-07	1.888127669457449e-08	0.0041992189895809	0.0015205064548968	3.35545643588021e-09	3.528864226886301e-08	1.6813871578571233e-07	-0.0523939058	-0.0741817089	0.1171976362	-0.0281999178	-0.0925627242
1.0	0.0317537006970525	0.0518054673552939	-0.0146598459529769	0.0010199654029935	0.0004350805472792	0.0001577781664377	9.212449054990524e-05	0.0258906751279398	0.0291812541264705	0.0017138395609361	-1.195845638000113e-07	0.0007346273009064	0.0010082975079579	0.0026838064479004	0.000214911083365	1.0403294233036928e-06	1.892950826207682e-07	2.4893949804442567e-08	8.486921759079579e-09	0.0006703270585805	0.0008515455923936	2.937246040629986e-06	1.430046789923897e-14	5.396772712370224e-07	-0.0548191066	-0.0698464244	0.1186599374	-0.0386107952	-0.0833690079
1.0	0.031823208948154	-0.0402590384313867	-0.0313395202608575	0.000410124745554	0.0005414057069885	-0.0004611111768814	6.950825110149661e-05	-0.0920645057866806	-0.0166796743078805	-0.0006098406574394	0.0001063251597092	-0.0006188893433191	0.0010127166277578	0.0016207901754198	0.0009821655301806	1.6820230691573329e-07	2.931201395597175e-07	2.1262351744494975e-07	4.831396971188705e-09	0.0084758732257457	0.0002782115350169	3.719056274662416e-07	1.1305039587208148e-08	3.8302401927394683e-07	-0.0572163058	-0.0653684476	0.1195769199	-0.0487063151	-0.0731117546
1.0	0.0254922597201812	0.0168233716972139	-0.0416419981615945	-0.0001320155519149	0.0005859964441308	5.303863567706384e-05	-0.0063309492279727	0.0570824101286006	-0.010302477900737	-0.0005421402974689	4.459073714230006e-05	0.0005141498125584	0.0006498553056411	0.0002830258352626	0.0017340560108902	1.7428105947395654e-08	3.4339183253394186e-07	2.813096874484309e-09	4.008091812716938e-05	0.0032584015460897	0.0001061410508951	2.9391610213966734e-07	1.988333838893698e-09	2.643500297539036e-07	-0.0595842788	-0.0607569269	0.1199443696	-0.0584040215	-0.0619218161
1.0	0.0405753943165194	-0.0988335570030614	-0.0088122553533054	0.00054513761747	0.0004758429425271	-0.0005781298087387	0.0150831345963382	-0.1156569287002753	0.0328297428082891	0.0006771531693849	-0.0001101535016037	-0.0006311684444157	0.001646362623941	0.0097680719898773	7.765584441185969e-05	2.9717502198086813e-07	2.26426505952849e-07	3.342340757522458e-07	0.0002275009492512	0.0133765251563805	0.0010777920128584	4.5853641480801526e-07	1.2133793915556344e-08	3.983736052262152e-07	-0.0619218161	-0.0560212833	0.1197605978	-0.0676247074	-0.0499419421
1.0	0.023794654506517	0.0389104786887344	-0.0968849224912702	0.000136990860243	0.000345003609911	5.297637029081735e-05	-0.0167807398100024	0.1377440356917958	-0.0880726671379648	-0.000408146757227	-0.0001308393326161	0.0006311061790295	0.0005661855830845	0.0015140253517864	0.0093866882061394	1.876649579011716e-08	1.1902749085162145e-07	2.8064958091897955e-09	0.0002815932285709	0.0189734193686627	0.0077567946967947	1.665837754349157e-07	1.7118930959426457e-08	3.982950092092372e-07	-0.0642277237	-0.0511711914	0.1190264491	-0.0762930619	-0.0373249597
1.0	0.0319383448859156	0.0455301325229555	0.00081093813084	8.61122251317121e-05	0.0004859800856642	-0.0004620209160267	0.0081436903793985	0.006619653834221	0.0976958606221102	-5.0878635111287885e-05	0.0001409764757532	-0.0005149972863175	0.0010200578740516	0.0020729929675578	6.576206520502729e-07	7.415315317134671e-09	2.361766436621832e-07	2.13463326846151e-07	6.631969299550928e-05	4.381981688491808e-05	0.0095444811826947	2.5886355107875764e-09	1.98743667157926e-08	2.6522220491440694e-07	-0.0665008237	-0.0462165596	0.1177452974	-0.0843382854	-0.0242318235
1.0	0.0318563783305165	-0.0448701467547891	-0.0804837711386596	0.000544990850345	0.0003440144289719	5.2906262835561554e-05	-8.196655539909753e-05	-0.0904002792777446	-0.0812947092694996	0.0004588786252132	-0.0001419656566923	0.0005149271788622	0.001014828840337	0.0020133300697963	0.0064776374167001	2.970150269597662e-07	1.1834592734086245e-07	2.799072647225521e-09	6.7185162039933245e-09	0.0081722104934942	0.0066088297552124	2.1056959267763722e-07	2.0154247680075983e-08	2.651499995310476e-07	-0.0687399551	-0.0411675101	0.1159230303	-0.0916946678	-0.0108295624
1.0	0.0320861750465297	-0.0738189984788135	-0.0469644971601468	0.00048825363261	0.0005847886833918	-0.0008671426109178	0.0002297967160131	-0.0289488517240244	0.0335192739785127	-5.6737217735000015e-05	0.0002407742544199	-0.0009200488737533	0.0010295226291165	0.005449244536415	0.0022056639935054	2.383916097568609e-07	3.419778042231149e-07	7.51936307669339e-07	5.280653069045015e-08	0.0008380360161395	0.0011235417280466	3.2191118763088e-09	5.797224159145875e-08	8.464899300948289e-07	-0.070943974	-0.0360343578	0.1135680224	-0.098302125	0.0027108513
1.0	0.0319094401734076	0.0190414851208373	-0.0326686673157325	3.908699908453288e-05	0.000363990669733	-0.0004780070950187	-0.0001767348731221	0.0928604835996508	0.0142958298444142	-0.0004491666335254	-0.0002207980136588	0.000389135515899	0.0010182123721802	0.000362578155607	0.001067241824186	1.5277934974342742e-09	1.324892076526779e-07	2.284907828882165e-07	3.1235215377484866e-08	0.008623069414361	0.0002043707509404	2.0175066467260125e-07	4.875176283567166e-08	1.514264497340587e-07	-0.0731117546	-0.0308275893	0.1106910964	-0.1041066901	0.0162166827
1.0	0.0319204782034887	0.1126240617918625	-0.0817420226457557	-0.0002643841328168	0.000486563051435	-0.0004779354943942	1.1038030081102213e-05	0.0935825766710252	-0.0490733553300231	-0.0003034711319013	0.000122572381702	7.160062450003914e-08	0.0010189169287393	0.0126841792944972	0.0066817582662192	6.989896968529133e-08	2.3674360302173845e-07	2.2842233680182842e-07	1.2183810807131732e-10	0.0087576986563883	0.0024081942033467	9.20947278974762e-08	1.5023988756100793e-08	5.126649428795606e-15	-0.0752421898	-0.0255578418	0.1073054737	-0.1090609537	0.0295156382
1.0	0.0271322819891679	-0.0641041377832465	-0.0157758741804059	0.001147671630254	0.0004855968710049	-0.0007037789079343	-0.0047881962143207	-0.176728199575109	0.0659661484653497	0.0014120557630708	-9.661804300999826e-07	-0.0002258434135401	0.0007361607259397	0.0041093404809334	0.0002488782061559	1.3171501708898743e-06	2.358043211297495e-07	4.953047512531959e-07	2.292682298683603e-05	0.0312328565250595	0.0043515327433525	1.99390147802146e-06	9.335046235081873e-13	5.100524743944463e-08	-0.0773341911	-0.0202358811	0.1034267134	-0.1131244514	0.0424380632
1.0	0.0263663281696864	-0.0358637215618244	0.0416720891546447	0.0008711159261276	0.0004857915342766	-0.0004782114074677	-0.0007659538194814	0.0282404162214221	0.0574479633350506	-0.0002765557041264	1.946632717000061e-07	0.0002255675004665	0.0006951832611515	0.001286206524264	0.0017365630145126	7.588429567531461e-07	2.359934147748131e-07	2.2868615023223865e-07	5.86685253578298e-07	0.0007975211083591	0.0033002684913453	7.648305748484897e-08	3.78937893489504e-14	5.088069726674957e-08	-0.07938669	-0.0148725796	0.0990726408	-0.1162639941	0.0548191066
1.0	0.0211194656420588	0.0587235188045127	-0.045895025084846	-6.438385354658196e-05	0.0004860152621781	-0.0004779842268016	-0.0052468625276276	0.0945872403663371	-0.0875671142394907	-0.0009354997796741	2.237279014999675e-07	2.271806661000237e-07	0.0004460318290061	0.0034484516607839	0.0021063533275386	4.145280597507715e-09	2.362108350700473e-07	2.2846892107112338e-07	2.752956638382272e-05	0.0089467460401192	0.007667999496232	8.751598377704429e-07	5.0054173909579165e-14	5.1611055049650445e-14	-0.0813986382	-0.0094788943	0.0942632658	-0.1184539393	0.0665008237
1.0	0.025622267548357	-0.0806893936204602	-0.0312061615039169	9.525953076546748e-05	0.0006629627237875	-0.0007830318970904	0.0045028019062982	-0.1394129124249729	0.014688863580929	0.000159643384312	0.0001769474616094	-0.0003050476702888	0.0006565005943195	0.0065107782428375	0.0009738245158085	9.074378201657043e-09	4.39519573131741e-07	6.131389518609908e-07	2.027522500736271e-05	0.0194359601508131	0.0002157627132991	2.5486010154604722e-08	3.131040417001009e-08	9.305408114862445e-08	-0.0833690079	-0.0040658442	0.0890206905	-0.1196764004	0.0773341911
1.0	0.0194167561313776	-0.0516002068708587	-0.0314972175352465	-0.0010907733081476	0.0009512603920251	-0.0004769809101958	-0.0062055114169793	0.0290891867496014	-0.0002910560313296	-0.001186032838913	0.0002882976682376	0.0003060509868946	0.0003770104186653	0.0026625813491154	0.0009920747124626	1.1897864097672591e-06	9.048963334357468e-07	2.275107886912138e-07	3.850837194626167e-05	0.0008461807857531	8.47136133733371e-08	1.4066738949801903e-06	8.311554551123726e-08	9.366720657915865e-08	-0.0852967926	0.0013555122	0.0833690079	-0.119921393	0.0871810076
1.0	0.0145827319915952	0.0182214233124966	-0.0922947728871861	-0.0008796458713605	0.0009513280189954	-0.0007450817601906	-0.0048340241397824	0.0698216301833553	-0.0607975553519396	0.0002111274367871	6.762697029997523e-08	-0.0002681008499948	0.0002126560723386	0.0003320202675331	0.0085183251022972	7.737768590015733e-07	9.05024999725712e-07	5.551468293687228e-07	2.336778938399897e-05	0.0048750600414612	0.0036963427367721	4.4574794564290935e-08	4.573407111953732e-15	7.187806576793427e-08	-0.0871810076	0.0067740994	0.0773341911	-0.1191869159	0.0959156576
1.0	0.0145365823458121	0.0223398891661616	0.0220058742027191	-0.0007791619871888	0.0007678444013379	-0.000882201496809	-4.614964578309941e-05	0.004118465853665	0.1143006470899052	0.0001004838841717	-0.0001834836176574	-0.0001371197366183	0.0002113122262965	0.0004990706479563	0.0004842584994258	6.070934022799997e-07	5.895850246659581e-07	7.7827948097204e-07	2.129789805905545e-09	1.696176098780459e-05	0.013064637925171	1.0097010978231622e-08	3.3666237948683616e-08	1.8801822170299373e-08	-0.0890206905	0.0121788474	0.070943974	-0.1174789681	0.1034267134
1.0	0.0146247461049853	-0.0987953873635518	0.0354624396207583	-0.0002941756473711	0.0007201331929969	-0.0009013942420105	8.816375917319874e-05	-0.1211352765297134	0.0134565654180391	0.0004849863398177	-4.771120834100003e-05	-1.9192745201500024e-05	0.0002138831986352	0.0097605285643142	0.0012575846238559	8.653931150620578e-08	5.185918156559104e-07	8.125115795296838e-07	7.772848431549784e-09	0.0146737552199301	0.0001810791528499	2.3521174980976966e-07	2.276359401358311e-09	3.6836146836970207e-10	-0.0908149015	0.0175587148	0.0642277237	-0.1148114994	0.1096183565
1.0	-0.0160856175195789	-0.0371057779923091	-0.0717332978750135	-0.0003338369771539	0.0006810799209	-0.0004778860966419	-0.0307103636245642	0.0616896093712426	-0.1071957374957718	-3.96613297828e-05	-3.905327209689997e-05	0.0004235081453686	0.0002587470909861	0.0013768387604145	0.0051456660240254	1.1144712731525357e-07	4.6386985865315033e-07	2.283751213636314e-07	0.0009431264339529	0.0038056079043765	0.0114909261372624	1.573021080140018e-09	1.525158061474505e-09	1.793591491935512e-07	-0.0925627242	0.0229027108	0.0572163058	-0.1112062966	0.1144116002
1.0	-0.0212067659662977	-0.0030159808162011	0.0122143981122491	-0.0001498239724093	0.0007370359633662	-0.0004779445673992	-0.0051211484467188	0.034089797176108	0.0839476959872626	0.0001840130047446	5.5956042466199954e-05	-5.847075729999543e-08	0.0004497269227493	9.096140283693052e-06	0.0001491915212445	2.2447222708502684e-08	5.432220112951425e-07	2.284310095064085e-07	2.6226161413330377e-05	0.0011621142715081	0.0070472156615698	3.386078591513619e-08	3.1310786884791727e-09	3.418829459234968e-15	-0.0942632658	0.0281999178	0.0499419421	-0.1066928056	0.1177452974
1.0	-0.0260304460385611	-0.0039995844303319	-0.0148556004752435	0.0001961805986531	0.0007549532691504	-0.000478074333845	-0.0048236800722634	-0.0009836036141308	-0.0270699985874926	0.0003460045710623	1.7917305784200042e-05	-1.297664457999728e-07	0.0006775841209664	1.599667561535335e-05	0.00022068886548	3.848682728788871e-08	5.699544386008763e-07	2.285550686813405e-07	2.326788943955105e-05	9.674760697311715e-07	0.0007327848235268	1.197191631960754e-07	3.210298465645283e-10	1.6839330455557282e-14	-0.0959156576	0.033439514	0.0424380632	-0.1013078907	0.1195769199
1.0	-0.0387097968860388	-0.0267286460592117	-0.0803603889959134	0.0004101683108787	0.0007034015898148	-0.0004781439459237	-0.0126793508474777	-0.0227290616288798	-0.0655047885206699	0.0002139877122255	-5.155167933560008e-05	-6.961207870000934e-08	0.0014984483749583	0.0007144205201586	0.0064577921195745	1.682380432490859e-07	4.947737965539881e-07	2.2862163302348615e-07	0.0001607659379134	0.0005166102425294	0.0042908773191376	4.57907409835462e-08	2.6575756423205364e-09	4.845841500936292e-15	-0.0975190556	0.0386107952	0.034739154	-0.0950955338	0.1198831019
1.0	0.015916151915249	-0.0075312560458513	-0.0225732355566776	0.0004406470000809	0.0006158946281777	-0.0004781358035746	0.0546259488012878	0.0191973900133603	0.0577871534392357	3.0478689202199992e-05	-8.750696163709992e-05	8.142349099972933e-09	0.0002533238917892	5.671981762817176e-05	0.0005095509634972	1.941697786802967e-07	3.7932619301814737e-07	2.2861384665992849e-07	0.0029839942824409	0.000368539783325	0.0033393551026097	9.289504954843023e-10	7.657468334956877e-09	6.629784886583003e-17	-0.0990726408	0.0437031967	0.0268805962	-0.0881064748	0.1186599374
1.0	0.0151168847718992	-0.0267425068471567	-0.002828587715669	0.0001961551432996	0.0006489528930697	-0.0004780634153134	-0.0007992671433498	-0.0192112508013054	0.0197446478410086	-0.0002444918567813	3.305826489199992e-05	7.238826119998704e-08	0.0002285202052068	0.0007151616724702	8.00090846523357e-06	3.8476840242886615e-08	4.2113985742353366e-07	2.285446290611124e-07	6.388279664385527e-07	0.0003690721573506	0.0003898511183654	5.977626803236772e-08	1.0928488776696343e-09	5.240060359557549e-15	-0.1005756196	0.0487063151	0.0188985047	-0.0803977977	0.1159230303
1.0	0.0250884484203766	-0.0904257661129293	0.0173571912277736	-0.0001788313773234	0.000704042859605	-0.0004779373180827	0.0099715636484774	-0.0636832592657725	0.0201857789434426	-0.000374986520623	5.508996653530007e-05	1.2609723070003192e-07	0.0006294302441418	0.0081768191771101	0.0003012720873175	3.1980661515384266e-08	4.956763481607857e-07	2.2842408001608402e-07	9.943208159563596e-05	0.0040555575107116	0.0004074656715535	1.4061489064894364e-07	3.034904412860481e-09	1.5900511590217074e-14	-0.1020272243	0.0536099293	0.0108295624	-0.0720324637	0.1117072952
1.0	0.0345189437110349	0.0958832018578021	-0.1294097753040404	-0.0008778909945314	0.0004532095313816	-0.0004778008950097	0.0094304952906583	0.1863089679707313	-0.146766966531814	-0.000699059617208	-0.0002508333282234	1.3642307300000024e-07	0.0011915574749255	0.009193588398504	0.0167468899442422	7.706925982793306e-07	2.053988793351295e-07	2.2829369527207042e-07	8.893424142712837e-05	0.034711031546319	0.0215405424649506	4.886843484109955e-07	6.291735854762793e-08	1.86112548467634e-14	-0.1034267134	0.0584040215	0.0027108513	-0.0630787976	0.1060665123
1.0	0.0311394007918437	0.0728310525369266	-0.059211392226544	-0.0012543717325148	0.0006492494801582	-0.0003970932185009	-0.0033795429191912	-0.0230521493208755	0.0701983830774964	-0.0003764807379833	0.0001960399487765	8.07076765088e-05	0.000969662281675	0.0053043622136365	0.0035059889694056	1.5734484433321808e-06	4.215248874856929e-07	1.5768302417940354e-07	1.1421310342655387e-05	0.0005314015883119	0.0049278129866949	1.417377460725254e-07	3.8431661516331926e-08	6.5137290474491075e-09	-0.104773372	0.0630787976	-0.0054203179	-0.0536099293	0.0990726408
1.0	0.0541558262632975	-0.1762200102136404	0.1104323927573034	0.0006161947204542	0.0008128527211828	-0.0004787505069014	0.0230164254714538	-0.249051062750567	0.1696437849838474	0.001870566452969	0.0001636032410246	-8.16572884005e-05	0.0029328535182604	0.0310534919996955	0.0121953133701033	3.7969593351562973e-07	6.607295463342827e-07	2.2920204785834746e-07	0.0005297558414829	0.0620264318571868	0.0287790137836458	3.499018854973026e-06	2.6766020473753372e-08	6.667912748922431e-09	-0.1060665123	0.0676247074	-0.0135265772	-0.0437031967	0.0908149015
1.0	0.0273115092242477	0.0056432318670118	-0.1130187785416012	-0.0003053898419517	0.0004605728618787	-0.0004779294831653	-0.0268443170390497	0.1818632420806522	-0.2234511712989046	-0.0009215845624059	-0.0003522798593041	8.210237360999702e-07	0.0007459185361061	3.184606590485749e-05	0.0127732443030354	9.326295556728433e-08	2.121273610991361e-07	2.284165908786508e-07	0.000720617357293	0.0330742388200859	0.0499304259548524	8.493181056648744e-07	1.2410109927131648e-07	6.740799752395535e-13	-0.1073054737	0.0720324637	-0.0215706732	-0.033439514	0.0813986382
1.0	-0.0102373951333021	0.0452987694736748	-0.0995772979760829	0.0001236794480201	0.0006339651406246	-0.0005660393335761	-0.0375489043575498	0.039655537606663	0.0134414805655182	0.0004290692899718	0.0001733922787458	-8.810985041079995e-05	0.0001048042591153	0.0020519785158291	0.0099156382722176	1.5296605862556614e-08	4.0191179952716884e-07	3.2040052715527537e-07	0.0014099202184524	0.0015725616628734	0.0001806733997932	1.841004555969046e-07	3.0064882328695874e-08	7.763345739413544e-09	-0.1084896234	0.0762930619	-0.0295156382	-0.0229027108	0.070943974
1.0	0.0331094054822784	-0.0034283247924378	-0.0125505668367367	-0.0004803676098813	0.000553114720051	-0.0004778672842014	0.0433468006155805	-0.0487270942661126	0.0870267311393462	-0.0006040470579014	-8.085042057359997e-05	8.817204937469999e-05	0.0010962327313899	1.1753410882443684e-05	0.0001575167279233	2.307530406230729e-07	3.059358935370961e-07	2.2835714131002162e-07	0.0018789451236068	0.0023743297156186	0.0075736519328	3.648728481593373e-07	6.536790506927997e-09	7.774310290934533e-09	-0.1096183565	0.0803977977	-0.0373249597	-0.0121788474	0.0595842788
1.0	-0.0211680085985079	-0.0089146690454953	-0.0033197174699779	-6.889097379243766e-05	0.0004560164682165	-0.0004779837737318	-0.0542774140807863	-0.0054863442530575	0.0092308493667588	0.0004114766360888	-9.709825183450004e-05	-1.1648953040003208e-07	0.0004480845880265	7.947132419071209e-05	1.1020524080476471e-05	4.745966270070333e-09	2.0795101928465013e-07	2.2846848795089258e-07	0.0029460376792971	3.009997326305707e-05	8.520858003179133e-05	1.693130220470061e-07	9.428070509315989e-09	1.3569810692819992e-14	-0.1106910964	0.0843382854	-0.0449627491	-0.0013555122	0.0474644681
1.0	0.0134188645708093	0.0033527927071901	-0.001511956008116	-5.9939484277095296e-05	0.00025301432565	-0.0004779923906607	0.0345868731693172	0.0122674617526854	0.0018077614618619	8.951489515342367e-06	-0.0002030021425664	-8.616928900018889e-09	0.0001800659263697	1.124121893738712e-05	2.2860109704780696e-06	3.592741775404154e-09	6.401624898412426e-08	2.284767255295313e-07	0.0011962517956304	0.0001504906178535	3.2680015029930746e-06	8.012916454328431e-11	4.120986988658958e-08	7.425146366798072e-17	-0.1117072952	0.0881064748	-0.0523939058	0.0094788943	0.034739154
1.0	0.0133457655193751	0.1045058350610901	-0.0700069049185003	-0.0009614044528183	0.0004007301609558	-0.0004778076173206	-7.309905143420073e-05	0.1011530423538999	-0.0684949489103843	-0.0009014649685412	0.0001477158353057	1.847733401000437e-07	0.0001781094572981	0.0109214695618157	0.0049009667362679	9.242985218988548e-07	1.6058466189966137e-07	2.283001191695889e-07	5.3434713205799235e-09	0.0102319379774498	0.0046915580262361	8.126390895069953e-07	2.1819968000090225e-08	3.4141187211726406e-14	-0.1126664339	0.0916946678	-0.0595842788	0.0202358811	0.0215706732
1.0	0.0304191718442154	-0.1262971793071301	0.0144204319712315	-0.0005648937131405	0.0004446352249529	-0.0004778745421846	0.0170734063248403	-0.2308030143682202	0.0844273368897318	0.0003965107396778	4.39050639971e-05	-6.692486400000988e-08	0.0009253260156879	0.0159509775009373	0.0002079488582369	3.191049071456615e-07	1.9770048326891606e-07	2.2836407806814106e-07	0.000291501203533	0.0532700314414568	0.0071279752142922	1.5722076667983608e-07	1.9276546445894467e-09	4.4789374214198185e-15	-0.1135680224	0.0950955338	-0.0665008237	0.0308275893	0.0081270158
1.0	0.0303683469289381	-0.0831756540466841	-0.0434307754297123	-0.0004699644782943	0.0002035812749869	-0.0003479520401375	-5.082491527729979e-05	0.043121525260446	-0.0578512074009438	9.49292348462e-05	-0.0002410539499659	0.0001299225020471	0.0009222364951963	0.0069181894260936	0.0018862322544261	2.208666108584336e-07	4.144533552529179e-08	1.210706222358484e-07	2.583172012944701e-09	0.0018594659407872	0.003346762197747	9.011559628484992e-09	5.810700679421082e-08	1.6879856538178705e-08	-0.1144116002	0.098302125	-0.0731117546	0.0411675101	-0.0054203179
1.0	0.0386575077793338	-0.072258749853205	0.0839511672762967	-0.0003359763002134	0.0001435552721991	-0.0003289758018243	0.0082891608503956	0.010916904193479	0.127381942706009	0.0001339881780809	-6.002600278779999e-05	1.8976238313199987e-05	0.0014944029077092	0.005221326930348	0.0070477984870527	1.128800743050847e-07	2.0608116176157692e-08	1.082250781859411e-07	6.871018760373274e-05	0.0001191787971696	0.0162261593275569	1.795283186543897e-08	3.6031210106809715e-09	3.6009762051935907e-10	-0.1151967366	0.1013078907	-0.07938669	0.0511711914	-0.0188985047
1.0	0.0512238337942818	-0.0019209997516753	0.0782490752201141	-0.0009880042450013	-0.0001369669732833	-6.706766230540602e-05	0.012566326014948	0.0703377501015297	-0.0057020920561826	-0.0006520279447879	-0.0002805222454824	0.0002619081395188	0.0026238811485842	3.690240045936564e-06	0.006122917772803	9.76152388140589e-07	1.8759951770388223e-08	4.498071327111981e-09	0.0001579125495139	0.0049473990893452	3.251385381718078e-05	4.2514044078433283e-07	7.869273021048787e-08	6.859587354624844e-08	-0.1159230303	0.1041066901	-0.0852967926	0.0607569269	-0.0321356035
1.0	0.031168295214087	0.0214059040151823	-0.0050904155144593	-0.0014199099307652	0.0004927608048364	-0.0003671506831228	-0.0200555385801948	0.0233269037668576	-0.0833394907345733	-0.0004319056857638	0.0006297277781197	-0.0003000830208173	0.0009714626265524	0.0004582127267071	2.591233010984794e-05	2.016144211485635e-06	2.428132107830167e-07	1.347996241175387e-07	0.0004022246277416	0.0005441444393482	0.006945470715898	1.865425213951847e-07	3.965570745355741e-07	9.00498193828925e-08	-0.1165901104	0.1066928056	-0.0908149015	0.0698464244	-0.0449627491
1.0	0.0304794565540049	-0.0482612983776107	-0.0535599430023268	-0.0009199537405418	0.000272155615814	-0.00033787455412	-0.0006888386600821	-0.069667202392793	-0.0484695274878674	0.0004999561902233	-0.0002206051890223	2.9276129002799988e-05	0.0009289972718274	0.0023291529210927	0.0028686674944124	8.463148847368495e-07	7.406867921909759e-08	1.141592143217888e-07	4.7449869962370404e-07	0.0048535190892383	0.0023492950948971	2.499561921426965e-07	4.8666649423608826e-08	8.570917293885864e-10	-0.1171976362	0.1090609537	-0.0959156576	0.0783654444	-0.0572163058
1.0	0.0402003468826279	-0.0804603590072332	-0.0791440902822984	0.0002191295040091	0.0005979523366761	-0.0004330657590455	0.009720890328623	-0.0321990606296224	-0.0255841472799715	0.0011390832445509	0.0003257967208621	-9.519120492550002e-05	0.0016160678894836	0.0064738693715728	0.0062637870266125	4.8017739527274185e-08	3.575469969364081e-07	1.875459516576551e-07	9.449570878111618e-05	0.0010367795054301	0.0006545485920432	1.2975106380166056e-06	1.061435033244971e-07	9.06136549516854e-09	-0.1177452974	0.1112062966	-0.1005756196	0.086244407	-0.0687399551
1.0	0.0408683355173877	0.0044247987647025	-0.1544645387271401	0.00069609826693	0.0005918838486371	-0.000333206234039	0.0006679886347598	0.0848851577719357	-0.0753204484448417	0.0004769687629209	-6.06848803899997e-06	9.985952500650002e-05	0.0016702208479617	1.9578844108112768e-05	0.0238592937241881	4.845527972229496e-07	3.503264902774655e-07	1.1102639440245285e-07	4.462088161682636e-07	0.0072054900099664	0.005673169953932	2.2749920080229373e-07	3.6826547079485705e-11	9.971924734523805e-09	-0.1182328141	0.1131244514	-0.104773372	0.09341896	-0.07938669
1.0	0.0587001954714452	0.0625401785718793	-0.2158653380399613	0.002264046272712	0.0007078587834188	-0.0001253016723371	0.0178318599540574	0.0581153798071767	-0.0614007993128211	0.001567948005782	0.0001159749347816	0.0002079045617019	0.0034457129483858	0.0039112739358025	0.0465978441671067	5.125905524981101e-06	5.010640572631436e-07	1.5700509090473973e-08	0.0003179752294211	0.0033773973701324	0.0037700581562533	2.458460948835751e-06	1.3450185497619564e-08	4.3224306776459144e-08	-0.1186599374	0.1148114994	-0.1084896234	0.0998305046	-0.0890206905
1.0	0.0613673634397144	-0.0293713689082864	-0.0694390754534879	0.0022640653736524	0.0007578112023032	-0.000167857862446	0.0026671679682691	-0.0919115474801657	0.1464262625864734	1.9100940399675865e-08	4.995241888439996e-05	-4.25561901089e-05	0.0037659532955419	0.0008626773115466	0.0048217851998351	5.125992016171781e-06	5.742778183362214e-07	2.817626198494025e-08	7.113784970961247e-06	0.0084477325601987	0.0214406503750428	3.6484592415196935e-16	2.495244152402557e-09	1.811029316584837e-09	-0.1190264491	0.1162639941	-0.1117072952	0.1054266739	-0.0975190556
1.0	0.0020456753647124	0.0344946251617557	-0.0692729930901379	-0.000636022179051	0.000631977957183	6.970094060010086e-05	-0.0593216880750019	0.063865994070042	0.00016608236335	-0.0029000875527034	-0.0001258332451201	0.0002375588030461	4.18478769779121e-06	0.00118987916505	0.0047987475716662	4.045242122447823e-07	3.993961383651978e-07	4.8582211205387885e-09	0.0035190626760678	0.0040788651985546	2.7583351415921694e-08	8.410507813345196e-06	1.5834005577480332e-08	5.643418490469615e-08	-0.119332162	0.1174789681	-0.1144116002	0.1101617605	-0.104773372
1.0	0.0287768956467289	-0.3609997257110251	0.0397240079150975	0.0014819762275628	0.0007360508662173	6.795456317330883e-05	0.0267312202820165	-0.3954943508727808	0.1089970010052354	0.0021179984066138	0.0001040729090342	-1.7463774267920291e-06	0.0008281097230627	0.1303208019634353	0.0015779968048387	2.196253539061268e-06	5.417708776592376e-07	4.617822656075221e-09	0.0007145581377656	0.1564157815722822	0.0118803462281352	4.485917250418596e-06	1.0831170394861674e-08	3.0498341168087488e-12	-0.1195769199	0.1184539393	-0.1165901104	0.1139970903	-0.1106910964
1.0	0.0088353359265909	-0.108741209266256	-0.1957676579537519	3.8010650510962585e-05	0.0006449987815904	-3.3012260292234844e-05	-0.019941559720138	0.2522585164447691	-0.2354916658688494	-0.0014439655770518	-9.10520846269e-05	-0.0001009668234655	7.806316093570786e-05	0.0118246505926876	0.0383249759006971	1.4448095522665402e-09	4.160234282531005e-07	1.0898093296022654e-09	0.0003976658040718	0.0636343591189158	0.0554563246936858	2.085036587710646e-06	8.290482114904158e-09	1.0194299440722262e-08	-0.1197605978	0.1191869159	-0.1182328141	0.1169013377	-0.1151967366
1.0	0.0285573118637927	0.4702992491208704	-0.2870830517926777	-0.0012990212192489	-7.564730868159231e-05	-0.0005430490924325	0.0197219759372017	0.5790404583871264	-0.0913153938389257	-0.0013370318697598	-0.0007206460902719	-0.0005100368321402	0.0008155200608859	0.2211813837236545	0.0824166786265972	1.6874561280588989e-06	5.722515310768111e-09	2.94902316791762e-07	0.0003889563348675	0.3352878524491734	0.0083385011519581	1.7876542207535544e-06	5.193307874243085e-07	2.601375701396771e-07	-0.1198831019	0.1196764004	-0.119332162	0.1188507821	-0.1182328141
1.0	-2.6156959236800503e-05	0.1318145065356333	0.0207651523848539	-0.0011389697238472	0.0002071640177794	-0.000287882121954	-0.0285834688230295	-0.3384847425852371	0.3078482041775315	0.0001600514954017	0.0002828113264609	0.0002551669704785	6.84186516515643e-10	0.0173750641332325	0.0004311915535662	1.297252031840567e-06	4.2916930262503554e-08	8.287611614073773e-08	0.000817014689957	0.1145719209629942	0.0947705168153311	2.5616481180320447e-08	7.998224637462597e-08	6.51101828231757e-08	-0.1199443696	0.119921393	-0.1198831019	0.1198295012	-0.1197605978
